filename,score_Low,score_Medium,score_VeryLow,prob_Low,prob_Medium,prob_VeryLow,predict class,actual class
M05-S1-L-0010.npy,9.895537,-4.4078717,-12.578373,0.9999994,6.1391455e-07,1.7366172e-10,Low,Low
F01-S1-L-0013.npy,9.43892,-7.8116136,-2.0280516,0.9999895,3.2224317e-08,1.0470153e-05,Low,Low
M05-S1-L-0015.npy,6.4215527,0.38466442,-20.01341,0.99761677,0.002383288,3.299173e-12,Low,Low
M05-S1-L-0025.npy,10.121942,-4.992865,-12.812033,0.99999976,2.727235e-07,1.0962284e-10,Low,Low
F01-S1-L-0016.npy,7.0040936,-5.3771625,-1.4855419,0.99979025,4.1956346e-06,0.00020554505,Low,Low
M05-S1-L-0014.npy,10.938076,-4.0020924,-14.497211,0.99999964,3.2476348e-07,8.986588e-12,Low,Low
M05-S1-L-0004.npy,3.286758,1.5586826,-17.14233,0.8491661,0.15083393,1.1395994e-09,Low,Low
M05-S1-L-0002.npy,8.276208,-3.077685,-11.268508,0.9999883,1.17236195e-05,3.249621e-09,Low,Low
M05-S1-L-0022.npy,9.792812,-4.205801,-11.560858,0.99999917,8.326819e-07,5.3237603e-10,Low,Low
F01-S1-L-0017.npy,4.581723,-3.361035,-1.1220876,0.9963251,0.0003539198,0.0033209901,Low,Low
F01-S1-L-0009.npy,5.167955,-4.188214,-3.9244657,0.9998011,8.641341e-05,0.000112493006,Low,Low
F01-S1-L-0026.npy,6.051654,-6.0619655,-3.5283809,0.9999254,5.483903e-06,6.908942e-05,Low,Low
M05-S1-L-0011.npy,7.6137466,-2.939445,-12.290541,0.9999739,2.610932e-05,2.2681224e-09,Low,Low
M05-S1-L-0013.npy,9.840855,-4.1757836,-12.010402,0.99999917,8.178077e-07,3.2368244e-10,Low,Low
F01-S1-L-0025.npy,8.656361,-6.9861465,-3.5234838,0.99999475,1.6089518e-07,5.132852e-06,Low,Low
F01-S1-L-0022.npy,8.789078,-5.92338,-3.6232367,0.9999956,4.0781097e-07,4.0681643e-06,Low,Low
F01-S1-L-0020.npy,3.5766616,-2.0093822,-2.2100875,0.9932284,0.003724441,0.0030471652,Low,Low
M05-S1-L-0017.npy,12.16822,-5.628382,-16.20111,1.0,1.866525e-08,4.779208e-13,Low,Low
M05-S1-L-0005.npy,10.675633,-4.796812,-13.694306,0.99999976,1.9072263e-07,2.6077713e-11,Low,Low
M05-S1-L-0012.npy,10.1522045,-2.6604116,-13.495059,0.99999726,2.726153e-06,5.371841e-11,Low,Low
M05-S1-L-0016.npy,10.685813,-4.6055675,-13.460924,0.99999976,2.2857986e-07,3.25991e-11,Low,Low
F01-S1-L-0003.npy,8.633753,-6.2134614,-4.771416,0.9999981,3.5639874e-07,1.5073305e-06,Low,Low
M05-S1-L-0018.npy,10.121147,-3.1423159,-12.397077,0.9999982,1.7368026e-06,1.6613433e-10,Low,Low
F01-S1-L-0014.npy,8.060115,-7.0052733,-1.5635724,0.9999336,2.86521e-07,6.6138855e-05,Low,Low
F01-S1-L-0023.npy,8.616534,-5.211557,-1.0112238,0.9999331,9.874326e-07,6.5870176e-05,Low,Low
M05-S1-L-0026.npy,11.335582,-4.781106,-14.221145,0.9999999,1.0014087e-07,7.9589295e-12,Low,Low
F01-S1-L-0015.npy,2.0206313,-1.5445267,-4.874376,0.971529,0.027487002,0.0009839934,Low,Low
F01-S1-L-0011.npy,6.6115055,-7.0892935,-1.7228996,0.9997589,1.1212794e-06,0.00024005414,Low,Low
M05-S1-L-0019.npy,9.961196,-4.047978,-12.146881,0.99999917,8.2393416e-07,2.503706e-10,Low,Low
M05-S1-L-0020.npy,10.291834,-4.2103896,-13.10162,0.9999995,5.0322706e-07,6.923919e-11,Low,Low
F01-S1-L-0024.npy,7.9844875,-6.8183208,-2.0439858,0.99995553,3.725654e-07,4.412353e-05,Low,Low
M05-S1-L-0007.npy,9.509473,-3.9674227,-12.494395,0.99999857,1.4030014e-06,2.7786953e-10,Low,Low
M05-S1-L-0001.npy,9.391125,-1.5272993,-15.187748,0.9999819,1.812095e-05,2.1160376e-11,Low,Low
F01-S1-L-0001.npy,8.992878,-7.414228,-2.835024,0.9999926,7.4899866e-08,7.2980074e-06,Low,Low
M05-S1-L-0023.npy,10.35259,-4.574824,-12.980665,0.99999964,3.2893215e-07,7.3535254e-11,Low,Low
F01-S1-L-0007.npy,2.6601906,-2.0857894,-5.0000553,0.9909253,0.008607715,0.00046691566,Low,Low
F01-S1-L-0021.npy,1.6513014,-0.43079734,-6.3262067,0.88887995,0.110815145,0.00030496877,Low,Low
M05-S1-L-0008.npy,7.709797,-1.496882,-11.256611,0.9998996,0.000100356796,5.793623e-09,Low,Low
F01-S1-L-0018.npy,4.1119637,-6.646931,4.014954,0.52422756,1.1142718e-05,0.4757613,Low,Low
F01-S1-L-0005.npy,7.1118836,-5.2409,-5.320325,0.9999918,4.3176838e-06,3.9880138e-06,Low,Low
F01-S1-L-0004.npy,6.723886,-4.91749,-5.12,0.999984,8.794426e-06,7.1822246e-06,Low,Low
F01-S1-L-0006.npy,10.240435,-8.247698,-5.2789354,0.99999976,9.347726e-09,1.8197977e-07,Low,Low
F01-S1-L-0008.npy,8.488554,-6.5553117,-3.276338,0.999992,2.9277157e-07,7.772641e-06,Low,Low
M05-S1-L-0024.npy,11.46091,-4.841931,-13.64386,0.9999999,8.313157e-08,1.2506523e-11,Low,Low
M05-S1-L-0003.npy,11.12248,-3.8276694,-15.689613,0.99999964,3.215381e-07,2.2680649e-12,Low,Low
F01-S1-L-0019.npy,6.725236,-9.465653,4.494928,0.90293825,8.3954525e-08,0.09706163,Low,Low
M05-S1-L-0009.npy,11.408818,-5.025522,-14.097134,0.9999999,7.288802e-08,8.373485e-12,Low,Low
F01-S1-L-0012.npy,3.886922,-7.385899,2.2389495,0.83860785,1.06619045e-05,0.16138145,Low,Low
M05-S1-L-0021.npy,10.776603,-4.2643394,-13.1415,0.99999976,2.9363085e-07,4.0973218e-11,Low,Low
M05-S1-L-0006.npy,10.6945095,-3.7730362,-14.929582,0.9999995,5.209843e-07,7.440429e-12,Low,Low
F01-S1-L-0027.npy,8.355091,-5.543322,-0.9478537,0.99990785,9.2035646e-07,9.1146976e-05,Low,Low
F01-S1-L-0002.npy,4.5287013,-2.5026207,-3.6566133,0.99883884,0.0008827365,0.0002783932,Low,Low
F01-S1-L-0010.npy,8.351103,-10.493045,0.13598223,0.9997296,6.545964e-09,0.00027045878,Low,Low
F04-S2-VL-0037.npy,-9.760042,-4.43442,17.817188,1.0552637e-12,2.1689496e-10,1.0,VeryLow,VeryLow
F04-S1-VL-0011.npy,-8.100933,-6.2253923,14.67861,1.2792935e-10,8.346546e-10,1.0,VeryLow,VeryLow
F03-S3-VL-0025.npy,0.5392771,-3.2034056,8.9890175,0.0002139091,5.0676063e-06,0.99978095,VeryLow,VeryLow
M03-S2-VL-0020.npy,-6.616516,-2.4375079,18.087818,1.8665685e-11,1.2188893e-09,1.0,VeryLow,VeryLow
F04-S2-VL-0034.npy,-6.649402,-0.2926885,11.644445,1.13521965e-08,6.5428326e-06,0.99999344,VeryLow,VeryLow
M03-S2-VL-0042.npy,-6.231947,0.37559903,16.11501,1.9716968e-10,1.4603631e-07,0.9999999,VeryLow,VeryLow
M03-S2-VL-0049.npy,-6.0521517,-4.1520925,9.145252,2.511022e-07,1.6789431e-06,0.9999981,VeryLow,VeryLow
M03-S2-VL-0048.npy,-2.8296514,0.010614045,10.976063,1.0098266e-06,1.7288543e-05,0.99998176,VeryLow,VeryLow
F03-S3-VL-0039.npy,-1.3514194,-1.472525,11.531813,2.5402785e-06,2.250536e-06,0.99999523,VeryLow,VeryLow
M03-S2-VL-0010.npy,-4.042205,-1.6897272,14.8004675,6.5573946e-09,6.892862e-08,0.9999999,VeryLow,VeryLow
F03-S1-VL-0001.npy,-0.9652005,-1.4993807,8.0499525,0.00012153044,7.1234994e-05,0.9998072,VeryLow,VeryLow
F03-S2-VL-0062.npy,-7.81261,-6.907927,13.603397,5.0020255e-10,1.236076e-09,1.0,VeryLow,VeryLow
F03-S1-VL-0017.npy,-6.9672318,-5.9958434,13.732839,1.0234675e-09,2.7036002e-09,1.0,VeryLow,VeryLow
F03-S2-VL-0022.npy,-5.475919,-6.177299,12.681242,1.3015021e-08,6.4541563e-09,1.0,VeryLow,VeryLow
F04-S1-VL-0018.npy,-10.242637,5.0761933,6.285188,5.1122967e-08,0.22987893,0.77012104,VeryLow,VeryLow
F04-S2-VL-0016.npy,-5.364711,-0.05179631,15.236713,1.1295739e-09,2.2923696e-07,0.99999976,VeryLow,VeryLow
F03-S2-VL-0055.npy,-8.687058,-8.598478,17.099129,6.3270556e-12,6.913072e-12,1.0,VeryLow,VeryLow
M03-S2-VL-0070.npy,-3.9960346,-0.6707996,13.804411,1.8593644e-08,5.170064e-07,0.9999995,VeryLow,VeryLow
F03-S2-VL-0020.npy,-2.8691661,-3.309753,10.473794,1.6040756e-06,1.0324777e-06,0.9999974,VeryLow,VeryLow
F03-S2-VL-0043.npy,-3.7282763,-4.926957,7.0019326,2.1873435e-05,6.596848e-06,0.9999716,VeryLow,VeryLow
F04-S2-VL-0003.npy,-4.8264527,1.4478008,9.999117,3.6412715e-07,0.0001932531,0.99980646,VeryLow,VeryLow
M03-S2-VL-0001.npy,-2.110695,-4.2706857,14.38739,6.838686e-08,7.8868e-09,0.9999999,VeryLow,VeryLow
F03-S3-VL-0034.npy,-4.3617787,0.27189648,12.892234,3.211263e-08,3.3041188e-06,0.99999666,VeryLow,VeryLow
M03-S2-VL-0004.npy,-5.062395,1.0667998,12.143129,3.3707686e-08,1.547407e-05,0.9999845,VeryLow,VeryLow
F03-S3-VL-0008.npy,-4.4982767,-2.2799618,17.133535,4.0310943e-10,3.7053136e-09,1.0,VeryLow,VeryLow
F03-S2-VL-0077.npy,-8.384546,-11.092132,17.43207,6.1374235e-12,4.093522e-13,1.0,VeryLow,VeryLow
F04-S2-VL-0050.npy,-3.9808712,-1.27028,13.081317,3.890326e-08,5.850331e-07,0.9999994,VeryLow,VeryLow
F03-S1-VL-0019.npy,-6.028159,-2.961158,8.681097,4.0911672e-07,8.786764e-06,0.9999908,VeryLow,VeryLow
F03-S3-VL-0038.npy,-4.214088,0.21881855,10.337503,4.789677e-07,4.0317478e-05,0.99995923,VeryLow,VeryLow
F04-S1-VL-0034.npy,-6.2533145,-0.43383455,4.5613856,1.9966245e-05,0.006724568,0.9932554,VeryLow,VeryLow
F04-S1-VL-0023.npy,-7.129406,-6.5280666,13.057743,1.7093561e-09,3.1188245e-09,1.0,VeryLow,VeryLow
F03-S1-VL-0036.npy,-4.144596,-7.010571,12.607133,5.3066074e-08,3.0209202e-09,1.0,VeryLow,VeryLow
F03-S1-VL-0037.npy,-9.235933,-5.405211,15.219,2.3952864e-11,1.1041276e-09,1.0,VeryLow,VeryLow
F04-S2-VL-0002.npy,-7.2909555,-1.5140337,18.383892,7.0722204e-12,2.2826556e-09,1.0,VeryLow,VeryLow
M03-S2-VL-0035.npy,-1.964148,-2.4327488,10.062505,5.982554e-06,3.7443474e-06,0.99999034,VeryLow,VeryLow
M03-S2-VL-0051.npy,-5.384595,-5.4528093,9.317882,4.119033e-07,3.8474244e-07,0.9999993,VeryLow,VeryLow
M03-S2-VL-0018.npy,-1.785161,0.46949327,8.615092,3.041503e-05,0.0002899159,0.9996797,VeryLow,VeryLow
F03-S2-VL-0024.npy,2.4384813,-3.4665725,5.187164,0.06015123,0.00016395035,0.93968475,VeryLow,VeryLow
F03-S1-VL-0032.npy,-7.1569314,-6.9955926,14.739622,3.0934838e-10,3.6351e-10,1.0,VeryLow,VeryLow
F03-S2-VL-0019.npy,-2.2114139,-4.944884,11.980242,6.865019e-07,4.461812e-08,0.9999993,VeryLow,VeryLow
M03-S2-VL-0061.npy,-3.04438,-2.3138614,17.619423,1.0612662e-09,2.2033548e-09,1.0,VeryLow,VeryLow
F03-S1-VL-0029.npy,-2.5452452,-4.3653607,7.1683607,6.045108e-05,9.793495e-06,0.9999298,VeryLow,VeryLow
F04-S2-VL-0051.npy,-10.209132,-0.99851143,14.311188,2.2436745e-11,2.244306e-07,0.99999976,VeryLow,VeryLow
M03-S2-VL-0053.npy,-5.2808995,0.5308329,14.218285,3.4010392e-09,1.1366188e-06,0.9999988,VeryLow,VeryLow
F03-S2-VL-0054.npy,-7.5575795,-7.8311214,21.320187,2.8743902e-13,2.1864914e-13,1.0,VeryLow,VeryLow
F04-S2-VL-0056.npy,-6.66253,-0.10866701,13.116561,2.5706868e-09,1.8044944e-06,0.9999982,VeryLow,VeryLow
F03-S2-VL-0052.npy,-4.3721094,-6.6454067,10.877767,2.3826645e-07,2.453477e-08,0.99999976,VeryLow,VeryLow
F04-S2-VL-0039.npy,-8.457681,1.6491939,13.900605,1.9494754e-10,4.7783456e-06,0.99999523,VeryLow,VeryLow
M03-S2-VL-0036.npy,-1.541173,-2.592234,14.435115,1.1523551e-07,4.0282465e-08,0.9999999,VeryLow,VeryLow
M03-S2-VL-0071.npy,-7.1812763,0.42371047,13.995247,6.3555367e-10,1.2763101e-06,0.9999987,VeryLow,VeryLow
M03-S2-VL-0044.npy,-3.0393896,-0.7989892,12.847824,1.2597089e-07,1.18376e-06,0.9999987,VeryLow,VeryLow
F03-S2-VL-0071.npy,-5.2457685,0.10922206,11.951136,3.399983e-08,7.196467e-06,0.99999285,VeryLow,VeryLow
F03-S1-VL-0023.npy,-8.994384,2.7548504,10.468752,3.5243097e-09,0.00044637645,0.9995536,VeryLow,VeryLow
F04-S1-VL-0027.npy,-8.53129,3.8133042,6.519555,2.7253563e-07,0.06260549,0.93739426,VeryLow,VeryLow
F03-S3-VL-0030.npy,-4.269204,0.6913947,8.296046,3.4895006e-06,0.0004978793,0.9994986,VeryLow,VeryLow
F03-S3-VL-0017.npy,-5.7120647,-0.7029618,17.008781,1.3566315e-10,2.031833e-08,1.0,VeryLow,VeryLow
F03-S2-VL-0035.npy,-6.488057,-8.965991,14.008932,1.2539213e-09,1.05224794e-10,1.0,VeryLow,VeryLow
F03-S2-VL-0066.npy,-3.155032,-6.477568,11.998667,2.623204e-07,9.45961e-09,0.99999976,VeryLow,VeryLow
F03-S2-VL-0014.npy,-3.9120893,-3.598622,9.384871,1.679585e-06,2.2979414e-06,0.99999607,VeryLow,VeryLow
M03-S2-VL-0076.npy,-4.9886317,0.28952157,10.871805,1.2938636e-07,2.5360709e-05,0.9999745,VeryLow,VeryLow
F04-S1-VL-0014.npy,-5.258157,-3.333554,9.355339,4.5023353e-07,3.0851913e-06,0.9999964,VeryLow,VeryLow
F03-S2-VL-0018.npy,-5.5175734,-3.1992626,11.327389,4.834208e-08,4.910834e-07,0.9999995,VeryLow,VeryLow
F03-S1-VL-0027.npy,-4.7177563,1.3136865,9.542305,6.409408e-07,0.00026683338,0.99973255,VeryLow,VeryLow
M03-S2-VL-0011.npy,-7.355681,1.0356137,12.1610985,3.341675e-09,1.4731842e-05,0.9999852,VeryLow,VeryLow
F03-S3-VL-0002.npy,-5.2616296,1.6439573,11.959682,3.3179134e-08,3.3107244e-05,0.99996686,VeryLow,VeryLow
M03-S2-VL-0066.npy,-5.102714,0.61474836,13.323647,9.943328e-09,3.0240865e-06,0.999997,VeryLow,VeryLow
M03-S2-VL-0021.npy,-4.4074583,-1.2529722,16.352467,9.640038e-10,2.2597234e-08,1.0,VeryLow,VeryLow
F04-S2-VL-0013.npy,-3.270353,-1.0971762,14.543504,1.8345965e-08,1.6119027e-07,0.9999999,VeryLow,VeryLow
F03-S1-VL-0021.npy,-2.251893,1.8716573,4.5937605,0.0009974411,0.06162011,0.9373824,VeryLow,VeryLow
F03-S2-VL-0051.npy,-1.5082386,-0.28352535,1.8711171,0.029625203,0.10082018,0.8695546,VeryLow,VeryLow
M03-S2-VL-0062.npy,-3.644025,-1.4844915,15.40568,5.331115e-09,4.620531e-08,1.0,VeryLow,VeryLow
F03-S1-VL-0022.npy,-8.314905,-3.142691,7.867448,9.377471e-08,1.653295e-05,0.9999833,VeryLow,VeryLow
F03-S2-VL-0037.npy,-5.37646,0.3494085,10.842158,9.043393e-08,2.7736038e-05,0.9999721,VeryLow,VeryLow
F03-S3-VL-0035.npy,-5.2135787,0.27538407,15.403603,1.1119151e-09,2.690903e-07,0.99999976,VeryLow,VeryLow
M03-S2-VL-0047.npy,-2.735485,-1.9754175,13.8331175,6.3730425e-08,1.3628265e-07,0.99999976,VeryLow,VeryLow
F03-S1-VL-0031.npy,-7.0592117,-3.9585497,11.469703,8.974168e-09,1.993403e-07,0.99999976,VeryLow,VeryLow
F03-S2-VL-0057.npy,-1.0446849,-4.847844,6.749018,0.00041214944,9.191014e-06,0.99957865,VeryLow,VeryLow
M03-S2-VL-0067.npy,-4.0784826,-5.428581,6.7850814,1.9142726e-05,4.962071e-06,0.9999758,VeryLow,VeryLow
F04-S2-VL-0055.npy,-6.008398,0.5270945,14.985914,7.6258067e-10,5.255504e-07,0.9999995,VeryLow,VeryLow
F03-S1-VL-0028.npy,-5.8435955,-4.3525953,12.8850155,7.349666e-09,3.2643833e-08,1.0,VeryLow,VeryLow
M03-S2-VL-0059.npy,-6.43064,-4.8759294,8.689379,2.7130545e-07,1.284284e-06,0.99999845,VeryLow,VeryLow
F03-S1-VL-0044.npy,-5.593785,-4.196629,9.615673,2.480939e-07,1.0032128e-06,0.9999988,VeryLow,VeryLow
F03-S2-VL-0045.npy,-7.403658,1.4008917,10.271357,2.1075493e-08,0.0001404575,0.9998596,VeryLow,VeryLow
F03-S3-VL-0044.npy,-0.7054528,-1.0354332,3.2074845,0.019318195,0.013888583,0.9667932,VeryLow,VeryLow
F03-S2-VL-0042.npy,-7.041118,-7.049297,16.204153,8.029838e-11,7.9644326e-11,1.0,VeryLow,VeryLow
M03-S2-VL-0063.npy,-4.3523936,-1.9129223,16.718903,7.060771e-10,8.096577e-09,1.0,VeryLow,VeryLow
F03-S1-VL-0009.npy,-4.2388754,-3.1982102,11.033989,2.3285142e-07,6.592258e-07,0.99999905,VeryLow,VeryLow
F04-S2-VL-0047.npy,-5.4792113,-0.04966294,15.563728,7.2638545e-10,1.6564962e-07,0.9999999,VeryLow,VeryLow
M03-S2-VL-0014.npy,-3.0736027,-0.117067926,10.240048,1.6517348e-06,3.1764856e-05,0.9999666,VeryLow,VeryLow
M03-S2-VL-0012.npy,-10.604023,-1.8034604,6.499325,3.7325258e-08,0.00024776428,0.9997522,VeryLow,VeryLow
M03-S2-VL-0027.npy,-5.048973,-4.222496,16.908714,2.9100305e-10,6.650158e-10,1.0,VeryLow,VeryLow
F03-S3-VL-0032.npy,-7.5752106,-3.7628715,18.689224,3.921939e-12,1.7749209e-10,1.0,VeryLow,VeryLow
F03-S2-VL-0072.npy,-8.2761965,-8.112974,14.687136,1.0645134e-10,1.2532511e-10,1.0,VeryLow,VeryLow
F03-S3-VL-0009.npy,-1.1299003,-3.1454837,13.895153,2.9833362e-07,3.9750777e-08,0.99999964,VeryLow,VeryLow
F03-S2-VL-0068.npy,-5.751428,-8.28767,14.531179,1.5537288e-09,1.2299842e-10,1.0,VeryLow,VeryLow
F03-S1-VL-0004.npy,-4.51599,0.48047364,7.6186547,5.3659146e-06,0.0007935608,0.9992011,VeryLow,VeryLow
F03-S3-VL-0014.npy,-3.1405947,-0.62740123,10.110268,1.758788e-06,2.171098e-05,0.9999765,VeryLow,VeryLow
M03-S2-VL-0003.npy,-5.071768,0.0038272217,10.326447,2.0541212e-07,3.2879783e-05,0.99996686,VeryLow,VeryLow
F03-S2-VL-0067.npy,-6.479065,-8.373149,13.7521,1.6357491e-09,2.4610866e-10,1.0,VeryLow,VeryLow
F04-S2-VL-0024.npy,-5.980366,0.64509237,14.604134,1.1488548e-09,8.6629314e-07,0.99999917,VeryLow,VeryLow
F04-S2-VL-0025.npy,-7.0776005,-4.431261,13.306091,1.4043492e-09,1.9804585e-08,1.0,VeryLow,VeryLow
M03-S2-VL-0055.npy,-2.2301633,-1.4750513,12.874594,2.75478e-07,5.8617616e-07,0.99999917,VeryLow,VeryLow
F04-S2-VL-0008.npy,-3.1208634,-0.22454965,10.651337,1.0442416e-06,1.8908368e-05,0.99998,VeryLow,VeryLow
F04-S1-VL-0021.npy,-6.015114,-2.9531307,10.694611,5.5342447e-08,1.1826623e-06,0.9999988,VeryLow,VeryLow
F03-S1-VL-0007.npy,-7.3774257,0.081797965,8.638197,1.1076938e-07,0.0001922735,0.99980766,VeryLow,VeryLow
M03-S2-VL-0045.npy,-4.4001455,-0.72522247,14.818869,4.500788e-09,1.7753621e-07,0.9999999,VeryLow,VeryLow
F04-S1-VL-0022.npy,-7.6643763,-6.514896,14.326035,2.8163483e-10,8.889937e-10,1.0,VeryLow,VeryLow
F03-S3-VL-0036.npy,-1.9468365,-0.09170174,6.3092656,0.00025917182,0.0016567708,0.99808407,VeryLow,VeryLow
F03-S2-VL-0036.npy,-6.459554,2.9038422,6.0418816,3.5666155e-06,0.04156501,0.9584314,VeryLow,VeryLow
F03-S2-VL-0027.npy,-8.038641,-2.1793792,13.877083,3.0347438e-10,1.0635733e-07,0.9999999,VeryLow,VeryLow
M03-S2-VL-0060.npy,-2.2960124,-0.061834686,9.256668,9.609289e-06,8.97393e-05,0.9999006,VeryLow,VeryLow
F03-S2-VL-0013.npy,-4.5795045,-2.1438653,12.669455,3.227545e-08,3.68686e-07,0.99999964,VeryLow,VeryLow
F04-S2-VL-0054.npy,-7.59035,0.66354525,13.024588,1.1144096e-09,4.282189e-06,0.9999957,VeryLow,VeryLow
F03-S1-VL-0002.npy,-1.154581,-0.4277891,6.5387845,0.00045520475,0.000941561,0.9986033,VeryLow,VeryLow
M03-S2-VL-0033.npy,-2.7451665,-0.9416219,13.951554,5.6066888e-08,3.4038914e-07,0.99999964,VeryLow,VeryLow
F03-S1-VL-0005.npy,-7.574291,-1.1759042,15.630104,8.36487e-11,5.0262457e-08,1.0,VeryLow,VeryLow
F03-S3-VL-0021.npy,-2.6986957,-0.06530797,10.633814,1.6208916e-06,2.2564207e-05,0.9999758,VeryLow,VeryLow
F03-S2-VL-0059.npy,-11.363564,-5.21427,13.628681,1.3996068e-11,6.55557e-09,1.0,VeryLow,VeryLow
F03-S3-VL-0027.npy,-5.691372,-0.96573484,16.026638,3.6981807e-10,4.171636e-08,1.0,VeryLow,VeryLow
F04-S2-VL-0023.npy,-3.5156045,-0.011183374,11.130985,4.3557264e-07,1.4488084e-05,0.999985,VeryLow,VeryLow
M03-S2-VL-0056.npy,-4.1032,0.56561625,12.871516,4.2459266e-08,4.5249494e-06,0.99999547,VeryLow,VeryLow
M03-S2-VL-0079.npy,-7.9420786,-6.58959,13.420141,5.2784377e-10,2.0411932e-09,1.0,VeryLow,VeryLow
F04-S2-VL-0053.npy,-6.8063297,-3.1297162,13.699591,1.2427733e-09,4.9104873e-08,1.0,VeryLow,VeryLow
F04-S1-VL-0031.npy,-6.4734,-2.9240723,13.877889,1.450601e-09,5.0466305e-08,1.0,VeryLow,VeryLow
F04-S1-VL-0028.npy,-4.8155165,-5.165556,13.276086,1.38968685e-08,9.792561e-09,1.0,VeryLow,VeryLow
F03-S3-VL-0022.npy,-5.6286116,0.65573776,15.0637045,1.031433e-09,5.5296715e-07,0.9999994,VeryLow,VeryLow
F03-S2-VL-0053.npy,-9.582402,1.3945748,19.455223,2.44974e-13,1.4333764e-08,1.0,VeryLow,VeryLow
F03-S1-VL-0026.npy,-8.940334,1.6481029,10.667294,3.051145e-09,0.00012104939,0.9998789,VeryLow,VeryLow
F03-S1-VL-0038.npy,-3.8270397,-2.6132636,12.782087,6.1199465e-08,2.0600781e-07,0.99999964,VeryLow,VeryLow
F03-S3-VL-0045.npy,-3.400455,-0.9902755,11.689937,2.794634e-07,3.1120921e-06,0.99999666,VeryLow,VeryLow
F04-S2-VL-0032.npy,-6.503218,0.8280338,8.19192,4.1467416e-07,0.0006333292,0.99936634,VeryLow,VeryLow
F04-S2-VL-0006.npy,-2.9585738,-0.36665523,10.744526,1.1189541e-06,1.4944052e-05,0.999984,VeryLow,VeryLow
F03-S2-VL-0069.npy,-5.424412,-1.2157329,17.487602,1.1205695e-10,7.537805e-09,1.0,VeryLow,VeryLow
F04-S2-VL-0004.npy,-4.7960796,-1.9011334,13.842937,8.038549e-09,1.4535729e-07,0.9999999,VeryLow,VeryLow
F03-S1-VL-0016.npy,-8.344809,-7.295128,14.138113,1.721041e-10,4.916565e-10,1.0,VeryLow,VeryLow
M03-S2-VL-0002.npy,-2.017507,-0.08205973,8.604795,2.4361756e-05,0.0001687574,0.99980694,VeryLow,VeryLow
F04-S1-VL-0030.npy,-10.573191,-4.7942133,14.214794,1.7167812e-11,5.5525615e-09,1.0,VeryLow,VeryLow
F04-S2-VL-0009.npy,-8.332127,-5.539804,16.802452,1.2139231e-11,1.9809854e-10,1.0,VeryLow,VeryLow
F04-S1-VL-0017.npy,-8.828029,-4.385181,13.501877,2.0056024e-10,1.705098e-08,1.0,VeryLow,VeryLow
F03-S3-VL-0029.npy,-6.625451,2.1055567,11.999428,8.152605e-09,5.0480587e-05,0.9999496,VeryLow,VeryLow
F04-S2-VL-0029.npy,-6.677767,0.24585402,11.291981,1.5697514e-08,1.5948555e-05,0.999984,VeryLow,VeryLow
F03-S1-VL-0018.npy,-8.080681,-4.7170405,12.368212,1.3157058e-09,3.801623e-08,1.0,VeryLow,VeryLow
F04-S2-VL-0038.npy,-8.975272,-6.6404433,16.453325,9.046922e-12,9.34337e-11,1.0,VeryLow,VeryLow
F04-S1-VL-0024.npy,-3.284509,-2.4105985,6.7841043,4.238326e-05,0.000101561396,0.999856,VeryLow,VeryLow
F03-S1-VL-0025.npy,-2.3089342,-9.9056015,12.325172,4.4105022e-07,2.2146103e-10,0.9999995,VeryLow,VeryLow
F04-S2-VL-0014.npy,-8.4625,-7.493626,17.530464,5.1451642e-12,1.35573835e-11,1.0,VeryLow,VeryLow
F03-S2-VL-0031.npy,-5.9804645,-1.1336342,9.186344,2.5889526e-07,3.296672e-05,0.99996674,VeryLow,VeryLow
F03-S1-VL-0039.npy,-7.118299,-7.2717137,12.649075,2.600989e-09,2.2310627e-09,1.0,VeryLow,VeryLow
F03-S2-VL-0003.npy,-3.088832,-5.78928,10.415113,1.365559e-06,9.1731984e-08,0.99999857,VeryLow,VeryLow
F04-S2-VL-0011.npy,-9.161998,-1.4912981,11.750609,8.275025e-10,1.7746472e-06,0.9999982,VeryLow,VeryLow
F04-S2-VL-0031.npy,-9.441918,1.5506102,12.20719,3.9618792e-10,2.354487e-05,0.9999764,VeryLow,VeryLow
F03-S3-VL-0042.npy,-1.8197123,-1.9234861,11.729251,1.3054456e-06,1.1767677e-06,0.9999975,VeryLow,VeryLow
F03-S3-VL-0006.npy,-6.522065,1.8622483,15.106606,4.0437778e-10,1.7703046e-06,0.9999982,VeryLow,VeryLow
F03-S2-VL-0038.npy,-12.836243,-9.705107,19.82023,6.568629e-15,1.5042117e-13,1.0,VeryLow,VeryLow
F04-S2-VL-0018.npy,-8.606747,-3.7237833,17.5913,4.191151e-12,5.5332117e-10,1.0,VeryLow,VeryLow
M03-S2-VL-0075.npy,-3.0746684,1.6019033,9.038519,5.483416e-06,0.00058892596,0.9994056,VeryLow,VeryLow
F03-S1-VL-0030.npy,-4.694089,-1.8693326,6.0280843,2.2041857e-05,0.0003715561,0.99960643,VeryLow,VeryLow
F04-S2-VL-0052.npy,-5.4739103,0.10171259,13.446709,6.0656657e-09,1.6008146e-06,0.99999845,VeryLow,VeryLow
F04-S1-VL-0007.npy,-3.559813,1.5200616,4.81953,0.00022134176,0.035581548,0.96419704,VeryLow,VeryLow
F04-S1-VL-0009.npy,-8.047942,-4.7565713,12.436215,1.270116e-09,3.4140307e-08,1.0,VeryLow,VeryLow
F04-S2-VL-0022.npy,-6.107081,-1.3703421,11.514977,2.2224704e-08,2.5349866e-06,0.9999975,VeryLow,VeryLow
F04-S2-VL-0017.npy,-2.1780014,1.1316335,5.380013,0.0005142942,0.014078869,0.9854069,VeryLow,VeryLow
M03-S2-VL-0046.npy,-3.6379502,-0.9599229,14.569861,1.2372229e-08,1.8009445e-07,0.99999976,VeryLow,VeryLow
F03-S2-VL-0015.npy,-3.7706757,-0.015271299,9.7035675,1.4066429e-06,6.01361e-05,0.9999385,VeryLow,VeryLow
F03-S3-VL-0011.npy,-3.9389277,-0.27775896,13.876445,1.8318156e-08,7.127008e-07,0.9999993,VeryLow,VeryLow
F04-S2-VL-0043.npy,-8.305371,0.17255485,11.950689,1.595515e-09,7.670399e-06,0.9999924,VeryLow,VeryLow
F04-S2-VL-0028.npy,-0.32691127,-5.206562,13.913978,6.535223e-07,4.966546e-09,0.9999994,VeryLow,VeryLow
F03-S3-VL-0015.npy,0.9724743,-5.09244,12.154368,1.3923837e-05,3.2344467e-08,0.99998605,VeryLow,VeryLow
M03-S2-VL-0025.npy,-4.441538,-4.796537,11.144642,1.7021901e-07,1.193531e-07,0.99999976,VeryLow,VeryLow
F04-S2-VL-0046.npy,-9.891427,-6.7930646,14.247984,3.283875e-11,7.2776124e-10,1.0,VeryLow,VeryLow
F03-S3-VL-0023.npy,-8.797813,-0.30594194,13.129232,3.0005742e-10,1.4627749e-06,0.99999857,VeryLow,VeryLow
F03-S2-VL-0012.npy,-5.0476785,-0.2309264,9.223744,6.3381907e-07,7.83167e-05,0.9999211,VeryLow,VeryLow
M03-S2-VL-0029.npy,-3.4594808,-0.107889526,10.97974,5.35944e-07,1.5300195e-05,0.99998426,VeryLow,VeryLow
M03-S2-VL-0041.npy,-4.855873,-1.5642642,18.989838,4.404934e-11,1.1843142e-09,1.0,VeryLow,VeryLow
F04-S1-VL-0029.npy,-2.3112109,-1.9532524,6.4933486,0.00014999264,0.00021455048,0.99963546,VeryLow,VeryLow
F03-S2-VL-0006.npy,-4.9543285,-0.26598346,14.286425,4.4039954e-09,4.785962e-07,0.9999995,VeryLow,VeryLow
F03-S2-VL-0039.npy,-4.1048074,-5.789946,14.075161,1.2721557e-08,2.3588147e-09,1.0,VeryLow,VeryLow
M03-S2-VL-0030.npy,-1.2522305,-4.223051,6.025908,0.00068996876,3.536867e-05,0.9992747,VeryLow,VeryLow
M03-S2-VL-0037.npy,-6.8537436,-6.7394376,10.817461,2.1158932e-08,2.3721165e-08,1.0,VeryLow,VeryLow
M03-S2-VL-0084.npy,-6.073732,-2.5446389,9.610137,1.5437614e-07,5.2631494e-06,0.99999464,VeryLow,VeryLow
F03-S2-VL-0064.npy,-6.6557264,-9.14292,14.434831,6.926079e-10,5.758545e-11,1.0,VeryLow,VeryLow
F03-S2-VL-0017.npy,-7.5624294,1.1206275,12.123589,2.8213942e-09,1.6652039e-05,0.9999833,VeryLow,VeryLow
F03-S2-VL-0008.npy,-4.8775234,-6.265676,11.750956,6.002654e-08,1.4978767e-08,0.9999999,VeryLow,VeryLow
F03-S2-VL-0016.npy,-4.7187204,-0.8812109,14.204268,6.051322e-09,2.8084023e-07,0.99999976,VeryLow,VeryLow
F04-S1-VL-0019.npy,-8.789408,3.1226418,6.86338,1.5555794e-07,0.02318621,0.9768137,VeryLow,VeryLow
F03-S1-VL-0011.npy,-3.7628698,-3.4440536,6.513719,3.4426972e-05,4.7354202e-05,0.9999182,VeryLow,VeryLow
M03-S2-VL-0013.npy,-3.4568586,1.3077372,8.530722,6.216422e-06,0.00072908524,0.99926466,VeryLow,VeryLow
F04-S1-VL-0032.npy,-6.04779,-3.9408562,12.590788,8.042076e-09,6.612989e-08,0.9999999,VeryLow,VeryLow
F04-S2-VL-0007.npy,-3.316977,-1.5474784,9.368152,3.096772e-06,1.8171584e-05,0.9999788,VeryLow,VeryLow
F03-S2-VL-0074.npy,-6.482015,-6.9064345,16.231344,1.3668257e-10,8.941084e-11,1.0,VeryLow,VeryLow
F04-S1-VL-0008.npy,-2.9215372,0.31851757,6.5627046,7.58876e-05,0.0019377989,0.9979863,VeryLow,VeryLow
F04-S1-VL-0003.npy,-6.0231276,-6.2089515,12.532572,8.737005e-09,7.2553714e-09,1.0,VeryLow,VeryLow
M03-S2-VL-0077.npy,-5.883913,1.438574,15.253124,6.611514e-10,1.0009597e-06,0.99999905,VeryLow,VeryLow
F03-S3-VL-0013.npy,-1.7019083,-2.0893505,10.265989,6.3445905e-06,4.3066484e-06,0.9999894,VeryLow,VeryLow
F04-S2-VL-0049.npy,-3.153744,-3.139898,8.946371,5.558813e-06,5.636312e-06,0.9999888,VeryLow,VeryLow
F03-S2-VL-0076.npy,-9.438869,-9.140341,17.899849,1.3395085e-12,1.8054888e-12,1.0,VeryLow,VeryLow
F03-S3-VL-0049.npy,-5.5856495,1.443914,12.505962,1.3896517e-08,1.5696643e-05,0.99998426,VeryLow,VeryLow
F03-S2-VL-0046.npy,-4.340431,-5.311031,13.22938,2.341683e-08,8.871597e-09,1.0,VeryLow,VeryLow
M03-S2-VL-0057.npy,-2.8776867,-2.5088396,13.714682,6.2233696e-08,8.999404e-08,0.99999976,VeryLow,VeryLow
F04-S2-VL-0027.npy,-5.1897745,-0.78994334,10.647997,1.3235444e-07,1.0778561e-05,0.99998915,VeryLow,VeryLow
F03-S1-VL-0015.npy,-8.461749,-1.1047753,16.474625,1.4800284e-11,2.3193376e-08,1.0,VeryLow,VeryLow
F03-S2-VL-0028.npy,-0.8669367,1.0047406,-1.310274,0.12283384,0.79832023,0.078845896,Medium,VeryLow
M03-S2-VL-0064.npy,-3.0148158,-0.81898963,13.814726,4.909333e-08,4.412227e-07,0.9999995,VeryLow,VeryLow
F03-S2-VL-0040.npy,-9.486369,-9.573178,18.470364,7.220127e-13,6.619801e-13,1.0,VeryLow,VeryLow
F03-S2-VL-0025.npy,-7.075493,0.8146845,13.047371,1.8228427e-09,4.8686647e-06,0.9999951,VeryLow,VeryLow
M03-S2-VL-0007.npy,-4.7162733,-0.12952864,11.270538,1.1402786e-07,1.1194605e-05,0.9999887,VeryLow,VeryLow
F03-S1-VL-0034.npy,-4.2223287,0.5128957,10.422543,4.3630646e-07,4.9690483e-05,0.9999498,VeryLow,VeryLow
F03-S1-VL-0008.npy,-6.929062,-5.6610117,11.953503,6.3009553e-09,2.239309e-08,1.0,VeryLow,VeryLow
F03-S3-VL-0040.npy,-5.7574587,-0.4274391,16.38664,2.4151242e-10,4.985838e-08,1.0,VeryLow,VeryLow
M03-S2-VL-0032.npy,-5.3496313,-1.4145952,17.277912,1.4893005e-10,7.619868e-09,1.0,VeryLow,VeryLow
F04-S2-VL-0042.npy,-6.806539,1.3492147,10.535965,2.9390131e-08,0.00010237656,0.9998976,VeryLow,VeryLow
F03-S1-VL-0020.npy,-4.9880843,-0.2671622,11.924152,4.519668e-08,5.0743106e-06,0.9999949,VeryLow,VeryLow
F03-S2-VL-0056.npy,-8.755575,-5.4008627,13.159563,3.0365216e-10,8.695808e-09,1.0,VeryLow,VeryLow
F03-S3-VL-0024.npy,-7.470007,1.726267,14.819757,2.0877451e-10,2.0585833e-06,0.999998,VeryLow,VeryLow
F03-S3-VL-0020.npy,-12.238824,-8.507121,22.117462,1.2002038e-15,5.0108575e-14,1.0,VeryLow,VeryLow
M03-S2-VL-0024.npy,-1.705131,-2.803651,15.2199745,4.4619e-08,1.4874368e-08,1.0,VeryLow,VeryLow
F03-S3-VL-0001.npy,-7.843678,-0.6365808,16.305573,3.2517263e-11,4.386479e-08,1.0,VeryLow,VeryLow
F03-S2-VL-0047.npy,-3.7931437,-5.1255565,15.378536,4.7189457e-09,1.2450462e-09,1.0,VeryLow,VeryLow
F03-S2-VL-0033.npy,-7.171298,-5.2564416,12.393929,3.183682e-09,2.1604382e-08,1.0,VeryLow,VeryLow
M03-S2-VL-0015.npy,-2.1441145,-0.07960736,9.82202,6.3554967e-06,5.009031e-05,0.9999436,VeryLow,VeryLow
F03-S2-VL-0032.npy,-10.172474,-4.990951,14.599805,1.7439597e-11,3.1034375e-09,1.0,VeryLow,VeryLow
F03-S2-VL-0005.npy,-6.321904,-4.980806,18.230251,2.1733754e-11,8.309325e-11,1.0,VeryLow,VeryLow
F03-S3-VL-0047.npy,-4.8225822,-1.9587871,11.939402,5.252457e-08,9.206467e-07,0.99999905,VeryLow,VeryLow
F03-S1-VL-0041.npy,-5.8668146,-0.9333521,17.528564,6.91061e-11,9.596034e-09,1.0,VeryLow,VeryLow
F04-S1-VL-0026.npy,-1.9089227,0.5392482,0.25075257,0.04709097,0.54470927,0.40819973,Medium,VeryLow
M03-S2-VL-0074.npy,-4.4813905,-1.575308,6.5165095,1.6731412e-05,0.00030593423,0.9996774,VeryLow,VeryLow
M03-S2-VL-0006.npy,-3.4848213,-2.92583,16.435858,2.2313054e-09,3.9023504e-09,1.0,VeryLow,VeryLow
F04-S1-VL-0002.npy,-8.069902,-2.8163784,11.395253,3.51876e-09,6.7292467e-07,0.9999993,VeryLow,VeryLow
M03-S2-VL-0054.npy,-2.4968734,-1.8533181,16.92241,3.6839405e-09,7.011415e-09,1.0,VeryLow,VeryLow
F03-S3-VL-0004.npy,-5.7107887,1.0640184,13.084763,6.8737416e-09,6.018032e-06,0.99999404,VeryLow,VeryLow
F03-S2-VL-0029.npy,-4.965716,-1.8483933,17.419996,1.896745e-10,4.2839567e-09,1.0,VeryLow,VeryLow
F04-S2-VL-0010.npy,-6.6979227,-0.04208409,14.3806095,7.009856e-10,5.448835e-07,0.9999994,VeryLow,VeryLow
M03-S2-VL-0039.npy,-0.31753287,-1.2820219,7.941775,0.0002587456,9.86281e-05,0.9996426,VeryLow,VeryLow
F03-S2-VL-0002.npy,-4.502998,-4.609282,12.833748,2.9562884e-08,2.6582057e-08,1.0,VeryLow,VeryLow
F04-S1-VL-0001.npy,-7.0854826,-3.5180192,10.975981,1.43220875e-08,5.073829e-07,0.9999995,VeryLow,VeryLow
F03-S3-VL-0019.npy,-5.1533437,-0.5133153,14.025818,4.6837747e-09,4.849919e-07,0.9999995,VeryLow,VeryLow
F03-S2-VL-0058.npy,-3.4650695,-4.9669437,8.586319,5.836403e-06,1.2998394e-06,0.99999285,VeryLow,VeryLow
F03-S2-VL-0050.npy,-5.284259,-8.176466,13.076272,1.0619957e-08,5.889152e-10,1.0,VeryLow,VeryLow
F04-S2-VL-0035.npy,-4.860935,-0.30983555,14.321966,4.6662887e-09,4.4206803e-07,0.9999995,VeryLow,VeryLow
F04-S1-VL-0016.npy,-8.690182,-2.916307,12.656826,5.3593524e-10,1.724543e-07,0.9999999,VeryLow,VeryLow
F03-S1-VL-0014.npy,-9.152811,-9.907354,17.673275,2.2365512e-12,1.051683e-12,1.0,VeryLow,VeryLow
F03-S1-VL-0040.npy,-4.571989,-4.189242,8.917055,1.386057e-06,2.0323862e-06,0.99999654,VeryLow,VeryLow
F04-S2-VL-0019.npy,-4.9249,0.37491858,12.022465,4.363643e-08,8.7404005e-06,0.9999913,VeryLow,VeryLow
M03-S2-VL-0058.npy,-3.454977,-0.7941557,13.88265,2.9536828e-08,4.2261385e-07,0.9999995,VeryLow,VeryLow
M03-S2-VL-0009.npy,-2.5433145,-0.65937674,11.688183,6.5968607e-07,4.3403093e-06,0.999995,VeryLow,VeryLow
F03-S2-VL-0004.npy,-6.4980655,-6.6119084,16.398224,1.1383287e-10,1.0158434e-10,1.0,VeryLow,VeryLow
M03-S2-VL-0016.npy,-2.658745,-8.024888,13.444997,1.01445636e-07,4.7396626e-10,0.9999999,VeryLow,VeryLow
F03-S1-VL-0024.npy,-10.278345,4.5376887,11.571826,3.237495e-10,0.00088050216,0.99911946,VeryLow,VeryLow
F03-S1-VL-0043.npy,-2.3601813,-5.24023,8.781921,1.4489032e-05,8.1329875e-07,0.9999846,VeryLow,VeryLow
F03-S2-VL-0061.npy,-7.9486084,-1.8392423,19.383854,1.3479148e-12,6.066332e-10,1.0,VeryLow,VeryLow
F03-S3-VL-0010.npy,-5.969883,1.2405463,15.366835,5.414782e-10,7.328761e-07,0.9999993,VeryLow,VeryLow
F04-S2-VL-0015.npy,-6.685402,-0.13114965,17.431108,3.3599484e-11,2.359437e-08,1.0,VeryLow,VeryLow
F03-S3-VL-0003.npy,-3.3543048,-5.329494,14.711021,1.4266857e-08,1.9793134e-09,1.0,VeryLow,VeryLow
F03-S2-VL-0073.npy,-6.781748,-5.6327477,11.049269,1.8033827e-08,5.689739e-08,1.0,VeryLow,VeryLow
F03-S2-VL-0001.npy,-2.8436103,-1.9386071,5.052593,0.0003716735,0.00091875443,0.99870956,VeryLow,VeryLow
M03-S2-VL-0073.npy,-10.940357,-1.1188761,5.46875,7.464788e-08,0.0013754114,0.99862444,VeryLow,VeryLow
F04-S2-VL-0001.npy,-2.7727509,-0.77026296,9.073115,7.167695e-06,5.3094445e-05,0.9999398,VeryLow,VeryLow
F04-S2-VL-0020.npy,-5.884086,-0.28542006,13.493076,3.842418e-09,1.0377063e-06,0.9999989,VeryLow,VeryLow
F04-S2-VL-0012.npy,-2.8669333,-1.7817589,14.064764,4.4325848e-08,1.3120257e-07,0.9999999,VeryLow,VeryLow
M03-S2-VL-0082.npy,-4.7261047,2.3156428,9.970535,4.1411835e-07,0.0004734963,0.99952614,VeryLow,VeryLow
F04-S2-VL-0048.npy,-6.796506,-7.007847,19.015118,6.168147e-12,4.9930984e-12,1.0,VeryLow,VeryLow
M03-S2-VL-0005.npy,-6.388026,0.7887236,15.892464,2.1071996e-10,2.7575862e-07,0.99999976,VeryLow,VeryLow
M03-S2-VL-0008.npy,-0.39200154,-0.8254641,5.881255,0.0018802311,0.0012188795,0.9969009,VeryLow,VeryLow
F04-S2-VL-0033.npy,-7.0083604,0.18558848,14.001296,7.509681e-10,9.998024e-07,0.99999905,VeryLow,VeryLow
F04-S2-VL-0026.npy,-8.387466,2.876149,13.590769,2.8507827e-10,2.2217244e-05,0.9999778,VeryLow,VeryLow
F03-S1-VL-0012.npy,-7.769478,-5.7296824,13.303409,7.049548e-10,5.4204308e-09,1.0,VeryLow,VeryLow
F03-S3-VL-0037.npy,-2.098959,0.5083717,7.1322565,9.7794655e-05,0.0013263694,0.9985758,VeryLow,VeryLow
M03-S2-VL-0068.npy,-2.0503144,-3.0964198,16.282806,1.0915082e-08,3.8345003e-09,1.0,VeryLow,VeryLow
F03-S2-VL-0030.npy,-3.34937,2.402881,2.9997475,0.0011262705,0.35466102,0.6442127,VeryLow,VeryLow
F04-S1-VL-0012.npy,-8.284277,-0.39073288,12.649963,8.09793e-10,2.1701846e-06,0.99999785,VeryLow,VeryLow
M03-S2-VL-0043.npy,-2.3593283,-0.77292526,11.189483,1.3056381e-06,6.379532e-06,0.99999225,VeryLow,VeryLow
F03-S1-VL-0035.npy,-6.2642307,-4.2873225,11.488781,1.9496872e-08,1.4077484e-07,0.9999999,VeryLow,VeryLow
F04-S1-VL-0020.npy,-5.766521,-1.8592787,10.442838,9.127738e-08,4.5421007e-06,0.99999535,VeryLow,VeryLow
M03-S2-VL-0050.npy,-2.6832078,-3.6323109,15.237428,1.6487963e-08,6.382286e-09,1.0,VeryLow,VeryLow
F03-S3-VL-0026.npy,-1.2465434,-0.86031663,11.113279,4.287384e-06,6.3085404e-06,0.9999894,VeryLow,VeryLow
F04-S2-VL-0030.npy,-10.292936,2.3532908,11.071865,5.263972e-10,0.00016349336,0.99983644,VeryLow,VeryLow
F03-S3-VL-0018.npy,-5.1899805,-4.6716576,13.048811,1.1994802e-08,2.0141803e-08,1.0,VeryLow,VeryLow
F03-S3-VL-0016.npy,-0.31938317,-1.9656447,8.336074,0.00017413753,3.3568365e-05,0.9997923,VeryLow,VeryLow
F03-S3-VL-0048.npy,-7.062615,-7.3639565,16.544605,5.5913253e-11,4.1366008e-11,1.0,VeryLow,VeryLow
F03-S1-VL-0033.npy,-12.415453,8.138052,11.202036,5.2872776e-11,0.04461757,0.9553824,VeryLow,VeryLow
F03-S2-VL-0026.npy,-6.58842,1.1118215,9.5632,9.668258e-08,0.00021356004,0.9997863,VeryLow,VeryLow
F03-S3-VL-0043.npy,-1.5218012,-1.0652376,8.6986,3.6416277e-05,5.7488152e-05,0.99990606,VeryLow,VeryLow
F03-S2-VL-0075.npy,-6.755965,-3.9499476,9.283725,1.0815593e-07,1.7893216e-06,0.9999981,VeryLow,VeryLow
F03-S2-VL-0048.npy,-3.9022443,-7.84821,14.774088,7.7441165e-09,1.4971356e-10,1.0,VeryLow,VeryLow
F04-S1-VL-0025.npy,-6.7260327,-5.1294727,11.644074,1.0518738e-08,5.192071e-08,1.0,VeryLow,VeryLow
F04-S1-VL-0005.npy,-10.073833,-4.218424,14.068303,3.2749428e-11,1.14333885e-08,1.0,VeryLow,VeryLow
F03-S2-VL-0044.npy,-5.446681,-5.9229317,16.680645,2.4559754e-10,1.5254269e-10,1.0,VeryLow,VeryLow
F04-S1-VL-0033.npy,-8.843803,0.92422044,10.095751,5.9512884e-09,0.000103946455,0.99989605,VeryLow,VeryLow
M03-S2-VL-0072.npy,-5.494816,-5.4665117,10.400058,1.2500979e-07,1.2859863e-07,0.99999976,VeryLow,VeryLow
F03-S2-VL-0070.npy,-8.816785,-10.610952,18.971941,8.541011e-13,1.4200795e-13,1.0,VeryLow,VeryLow
M03-S2-VL-0081.npy,1.0378599,-0.8177395,4.9908404,0.01878049,0.0029365022,0.97828305,VeryLow,VeryLow
M03-S2-VL-0078.npy,-6.121914,-5.4153314,7.951752,7.724737e-07,1.5658437e-06,0.99999774,VeryLow,VeryLow
M03-S2-VL-0022.npy,-7.6295195,-7.046773,13.014519,1.0824497e-09,1.9386175e-09,1.0,VeryLow,VeryLow
F03-S3-VL-0012.npy,-4.49708,-0.9702419,12.835768,2.9678334e-08,1.0095456e-06,0.99999905,VeryLow,VeryLow
M03-S2-VL-0028.npy,-3.9391408,-2.3151407,18.44306,1.903417e-10,9.656674e-10,1.0,VeryLow,VeryLow
F03-S3-VL-0005.npy,-3.994607,-0.69371307,15.555609,3.2318317e-09,8.770201e-08,0.9999999,VeryLow,VeryLow
F03-S2-VL-0041.npy,-8.710346,-11.353715,17.746775,3.2345836e-12,2.300475e-13,1.0,VeryLow,VeryLow
F03-S1-VL-0042.npy,-7.7643385,0.71851933,16.304916,3.5225323e-11,1.7018203e-07,0.9999999,VeryLow,VeryLow
M03-S2-VL-0031.npy,-2.9148612,-5.547697,13.950204,4.7380052e-08,3.4054053e-09,1.0,VeryLow,VeryLow
F04-S2-VL-0044.npy,-6.735243,0.9082433,11.998865,7.3092643e-09,1.5254483e-05,0.99998474,VeryLow,VeryLow
M03-S2-VL-0034.npy,-2.195417,-1.2366816,12.580526,3.8272654e-07,9.983024e-07,0.9999987,VeryLow,VeryLow
M03-S2-VL-0040.npy,-6.979333,-7.2720532,13.755925,9.880794e-10,7.373349e-10,1.0,VeryLow,VeryLow
F04-S2-VL-0036.npy,-6.1733685,0.95964634,11.905859,1.4069661e-08,1.7624327e-05,0.99998236,VeryLow,VeryLow
F03-S2-VL-0049.npy,-7.508621,-2.1248715,16.246376,4.8232057e-11,1.0506747e-08,1.0,VeryLow,VeryLow
F03-S3-VL-0033.npy,-8.212753,-2.4901006,11.746683,2.1464788e-09,6.562102e-07,0.9999993,VeryLow,VeryLow
F03-S2-VL-0009.npy,-2.10928,-6.658963,11.288552,1.5184289e-06,1.6050642e-08,0.99999845,VeryLow,VeryLow
F03-S2-VL-0065.npy,-9.155621,-10.042271,17.598186,2.4041925e-12,9.906084e-13,1.0,VeryLow,VeryLow
M03-S2-VL-0019.npy,-3.5122383,-0.40747154,11.873389,2.0801978e-07,4.639677e-06,0.9999951,VeryLow,VeryLow
F04-S2-VL-0040.npy,-4.5686884,3.438407,5.5363517,3.640443e-05,0.10929277,0.89067084,VeryLow,VeryLow
F04-S1-VL-0010.npy,-6.919983,-1.6468197,10.602271,2.4557224e-08,4.7894455e-06,0.99999523,VeryLow,VeryLow
F03-S1-VL-0003.npy,-4.5214243,-2.1500094,7.7410693,4.725446e-06,5.0621493e-05,0.99994457,VeryLow,VeryLow
F03-S2-VL-0011.npy,-6.0118055,-3.7431867,16.022831,2.6945024e-10,2.6045186e-09,1.0,VeryLow,VeryLow
M03-S2-VL-0023.npy,-4.781605,-0.87821114,11.6344795,7.423069e-08,3.6796448e-06,0.9999962,VeryLow,VeryLow
F04-S2-VL-0041.npy,-5.7590566,1.1162685,7.9783044,1.0801525e-06,0.0010456851,0.9989532,VeryLow,VeryLow
F03-S1-VL-0006.npy,-8.441397,-2.1700022,13.126055,4.299072e-10,2.2751333e-07,0.99999976,VeryLow,VeryLow
M03-S2-VL-0069.npy,-3.5081596,-1.9327956,16.599096,1.8515256e-09,8.94749e-09,1.0,VeryLow,VeryLow
M03-S2-VL-0080.npy,-2.1788783,-2.7557795,10.473273,3.200652e-06,1.797601e-06,0.999995,VeryLow,VeryLow
M03-S2-VL-0026.npy,-3.2735553,-1.4430586,16.552347,2.4531255e-09,1.530012e-08,1.0,VeryLow,VeryLow
M03-S2-VL-0065.npy,-3.8787649,-0.25301635,12.727219,6.139201e-08,2.3054436e-06,0.9999976,VeryLow,VeryLow
M03-S2-VL-0083.npy,-6.0735197,-0.55026686,16.333595,1.8565781e-10,4.6497767e-08,1.0,VeryLow,VeryLow
F04-S1-VL-0004.npy,-5.0242214,-2.725377,8.0587845,2.0802372e-06,2.07247e-05,0.99997723,VeryLow,VeryLow
F03-S2-VL-0063.npy,-4.4068875,-6.511204,12.579819,4.1953424e-08,5.1153375e-09,1.0,VeryLow,VeryLow
F03-S2-VL-0021.npy,-7.8754497,1.4401094,12.012575,2.3053095e-09,2.5610927e-05,0.99997437,VeryLow,VeryLow
F03-S3-VL-0007.npy,-3.2817068,0.39429462,9.6341,2.4586295e-06,9.708683e-05,0.99990034,VeryLow,VeryLow
F03-S1-VL-0013.npy,-7.4619026,-5.7952437,13.101327,1.1735545e-09,6.2133214e-09,1.0,VeryLow,VeryLow
M03-S2-VL-0017.npy,-2.6142535,-1.6104952,14.03024,5.907292e-08,1.6118136e-07,0.9999999,VeryLow,VeryLow
F04-S2-VL-0005.npy,-9.211111,-1.570043,16.291275,8.403389e-12,1.749556e-08,1.0,VeryLow,VeryLow
F03-S2-VL-0034.npy,-3.8008277,-5.127972,10.245527,7.938619e-07,2.10559e-07,0.9999989,VeryLow,VeryLow
F03-S3-VL-0028.npy,-6.5065694,-2.5430982,9.743125,8.7668816e-08,4.614864e-06,0.99999523,VeryLow,VeryLow
F03-S3-VL-0041.npy,-1.4683629,0.25430357,7.7663836,9.752607e-05,0.00054609147,0.9993563,VeryLow,VeryLow
F04-S1-VL-0015.npy,-7.7532606,-0.9169086,10.420475,1.2800923e-08,1.1918781e-05,0.9999881,VeryLow,VeryLow
F03-S1-VL-0010.npy,-6.3556676,-6.7455487,12.878735,4.4320587e-09,3.0011125e-09,1.0,VeryLow,VeryLow
F04-S2-VL-0021.npy,-7.2184114,-0.6686777,18.92977,4.405436e-12,3.0796565e-09,1.0,VeryLow,VeryLow
F04-S1-VL-0006.npy,-7.3865514,-6.5007033,13.570967,7.9116264e-10,1.918599e-09,1.0,VeryLow,VeryLow
F03-S3-VL-0046.npy,-8.063662,-6.071437,12.16692,1.6367042e-09,1.200002e-08,1.0,VeryLow,VeryLow
F03-S2-VL-0007.npy,-8.217847,-2.3556116,14.824407,9.837312e-11,3.4579063e-08,1.0,VeryLow,VeryLow
F03-S2-VL-0060.npy,-10.717932,-2.7174532,13.024229,4.8855166e-11,1.4570494e-07,0.9999999,VeryLow,VeryLow
M03-S2-VL-0038.npy,-3.9064457,0.0032762364,13.2312355,3.607435e-08,1.7995726e-06,0.9999982,VeryLow,VeryLow
F04-S2-VL-0045.npy,-8.348431,-2.9302049,19.697866,6.601581e-13,1.4885167e-10,1.0,VeryLow,VeryLow
F03-S3-VL-0031.npy,-2.5550928,-0.14380896,11.531981,7.6217975e-07,8.496978e-06,0.9999908,VeryLow,VeryLow
F04-S1-VL-0013.npy,-3.8855782,5.07325,-5.0115676,0.00012857497,0.99982965,4.1700885e-05,Medium,VeryLow
F03-S2-VL-0023.npy,-10.004524,-8.674619,20.702797,4.6129618e-14,1.7440178e-13,1.0,VeryLow,VeryLow
M03-S2-VL-0052.npy,-2.8733125,-3.2833831,6.1568694,0.00011971686,7.944453e-05,0.99980086,VeryLow,VeryLow
F03-S2-VL-0010.npy,-5.461314,0.8356234,13.78857,4.3639514e-09,2.3692216e-06,0.9999976,VeryLow,VeryLow
M01-S2_3-M-0007.npy,-8.597977,11.718783,-6.6752563,1.5015603e-09,1.0,1.0269996e-08,Medium,Medium
M01-S1-M-0006.npy,-17.21646,15.521355,-8.763182,6.055461e-15,1.0,2.8402716e-11,Medium,Medium
M02-S2-M-0027.npy,-12.438192,13.586994,-4.2130575,4.9820157e-12,1.0,1.8600959e-08,Medium,Medium
M04-S2-M-0041.npy,-7.0067186,8.938096,-3.9899578,1.1891972e-07,0.9999975,2.4289382e-06,Medium,Medium
M01-S1-M-0012.npy,-10.531248,10.904508,-2.2627323,4.9042015e-10,0.9999981,1.912227e-06,Medium,Medium
M01-S1-M-0019.npy,-17.184008,17.634418,-0.55449057,7.5604705e-16,1.0,1.2608312e-08,Medium,Medium
M01-S2_3-M-0018.npy,-8.018309,10.659947,-6.354601,7.729227e-09,1.0,4.0801407e-08,Medium,Medium
M02-S1-M-0008.npy,-8.281444,10.622726,-4.6949973,6.1662733e-09,0.99999976,2.2263671e-07,Medium,Medium
M04-S2-M-0018.npy,-6.8521705,9.390052,-7.2175903,8.832683e-08,0.9999999,6.129036e-08,Medium,Medium
M02-S2-M-0011.npy,-11.133075,11.257174,-3.3540015,1.8881607e-10,0.9999995,4.512808e-07,Medium,Medium
M04-S1-M-0003.npy,-8.087464,7.914517,1.6054282,1.1210837e-07,0.9981834,0.0018163852,Medium,Medium
M01-S1-M-0018.npy,-12.330339,15.434575,-4.6034145,8.746825e-13,1.0,1.984318e-09,Medium,Medium
M01-S2_3-M-0008.npy,-7.195999,10.404283,-7.653765,2.2714081e-08,1.0,1.4371076e-08,Medium,Medium
M04-S1-M-0006.npy,-8.792716,9.921761,-3.4890623,7.454267e-09,0.99999845,1.498832e-06,Medium,Medium
M04-S2-M-0014.npy,-7.9263573,11.067232,-6.164456,5.638829e-09,1.0,3.2837733e-08,Medium,Medium
M04-S2-M-0010.npy,-6.95091,8.843538,-3.5083504,1.382153e-07,0.9999956,4.3215646e-06,Medium,Medium
M01-S2_3-M-0029.npy,-13.891986,14.672959,-6.2611966,3.9300852e-13,1.0,8.0986273e-10,Medium,Medium
M04-S1-M-0018.npy,-8.220411,8.451297,-2.7876575,5.7486233e-08,0.99998677,1.3151592e-05,Medium,Medium
M04-S1-M-0017.npy,-6.164728,6.9972463,-1.548588,1.9219503e-06,0.99980384,0.00019431485,Medium,Medium
M04-S2-M-0025.npy,-10.56069,12.365682,-6.3328276,1.1045946e-10,1.0,7.574267e-09,Medium,Medium
M01-S2_3-M-0025.npy,-7.97682,9.854823,-4.6942124,1.8022538e-08,0.9999995,4.802128e-07,Medium,Medium
M04-S2-M-0006.npy,-6.0363493,7.4209013,-3.8054922,1.4308164e-06,0.9999852,1.3317808e-05,Medium,Medium
M02-S1-M-0034.npy,-22.462194,26.092712,-12.254136,8.1822183e-22,1.0,2.2190941e-17,Medium,Medium
M04-S2-M-0005.npy,-4.6529827,6.719911,-3.96501,1.1502701e-05,0.99996567,2.2886677e-05,Medium,Medium
M01-S2_3-M-0042.npy,-10.372221,13.906112,-11.094208,2.857949e-11,1.0,1.3883495e-11,Medium,Medium
M04-S2-M-0020.npy,-4.5676317,6.0353646,-2.870607,2.4837467e-05,0.99983954,0.00013555515,Medium,Medium
M02-S1-M-0013.npy,-8.714859,6.85809,-1.9309995,1.7245992e-07,0.9998474,0.00015236344,Medium,Medium
M04-S1-M-0013.npy,-7.583445,9.571481,-3.904397,3.5457617e-08,0.99999857,1.4044298e-06,Medium,Medium
M02-S1-M-0030.npy,-7.5278788,7.9965787,-3.2150548,1.8105379e-07,0.9999863,1.3515851e-05,Medium,Medium
M02-S1-M-0002.npy,-12.815712,13.881728,-10.444622,2.543599e-12,1.0,2.7239551e-11,Medium,Medium
M02-S2-M-0020.npy,-8.082445,8.037608,-0.23659115,9.977907e-08,0.99974495,0.00025494708,Medium,Medium
M04-S2-M-0031.npy,-2.772943,3.0673714,-2.340807,0.0028866027,0.9926664,0.004446941,Medium,Medium
M04-S1-M-0025.npy,-8.930526,10.986599,-4.313075,2.2392477e-09,0.99999976,2.2669182e-07,Medium,Medium
M04-S2-M-0056.npy,-6.2739973,7.770821,-3.3250895,7.9507066e-07,0.999984,1.5174001e-05,Medium,Medium
M04-S2-M-0017.npy,-6.5857735,8.499948,-4.931483,2.80772e-07,0.9999982,1.4682599e-06,Medium,Medium
M02-S2-M-0026.npy,-11.302345,12.2993,-4.31452,5.6225736e-11,0.9999999,6.0913e-08,Medium,Medium
M01-S2_3-M-0026.npy,-8.464981,9.485601,-2.6549659,1.6001428e-08,0.99999464,5.338461e-06,Medium,Medium
M04-S1-M-0024.npy,-9.435596,10.660102,-4.3680844,1.8730464e-09,0.99999964,2.974002e-07,Medium,Medium
M01-S1-M-0005.npy,-11.481483,11.319525,-6.0913873,1.2521258e-10,1.0,2.7449675e-08,Medium,Medium
M01-S1-M-0017.npy,-8.957127,11.066582,-4.6057563,2.0128617e-09,0.9999999,1.561672e-07,Medium,Medium
M02-S2-M-0023.npy,-18.010561,18.831146,-6.7810187,9.9965624e-17,1.0,7.529703e-12,Medium,Medium
M04-S2-M-0051.npy,-5.3363123,7.805823,-4.2433796,1.9608283e-06,0.99999213,5.849176e-06,Medium,Medium
M04-S2-M-0028.npy,-6.310929,7.3313794,-2.937649,1.189064e-06,0.9999641,3.468981e-05,Medium,Medium
M02-S1-M-0023.npy,-11.911198,12.256051,-4.830196,3.193726e-11,1.0,3.7978467e-08,Medium,Medium
M01-S2_3-M-0032.npy,-12.253582,13.667668,-6.9920535,5.5277e-12,1.0,1.0656068e-09,Medium,Medium
M02-S2-M-0024.npy,-8.803324,8.869337,-1.92798,2.112769e-08,0.9999795,2.045388e-05,Medium,Medium
M01-S1-M-0001.npy,-4.3830523,4.0385647,-1.0834459,0.00021870593,0.9938539,0.0059273634,Medium,Medium
M04-S1-M-0001.npy,-4.052011,4.1186957,0.3058036,0.0002766307,0.97812235,0.021601064,Medium,Medium
M04-S1-M-0026.npy,-5.286063,6.4873576,-3.404821,7.706252e-06,0.9999417,5.0565715e-05,Medium,Medium
M02-S1-M-0018.npy,-8.491871,9.118094,-3.4804215,2.2495069e-08,0.99999654,3.3770098e-06,Medium,Medium
M04-S2-M-0050.npy,-2.1035314,2.9345627,-4.9969115,0.006442001,0.9932012,0.0003568139,Medium,Medium
M02-S1-M-0046.npy,-3.6043518,2.7016687,-4.4990177,0.0018206007,0.9974353,0.00074416003,Medium,Medium
M01-S1-M-0011.npy,-7.835967,6.9616704,-5.0528917,3.745111e-07,0.99999356,6.0553457e-06,Medium,Medium
M02-S1-M-0029.npy,-5.9752164,6.1327214,-1.9358904,5.5138e-06,0.99968135,0.0003131179,Medium,Medium
M02-S1-M-0042.npy,-18.081566,19.80009,-11.090708,3.5335038e-17,1.0,3.8396945e-14,Medium,Medium
M02-S2-M-0007.npy,-11.7707615,11.189627,-2.2885518,1.06765145e-10,0.99999857,1.4012029e-06,Medium,Medium
M01-S2_3-M-0045.npy,-8.244026,9.813954,-4.440331,1.4372053e-08,0.9999993,6.4482526e-07,Medium,Medium
M04-S2-M-0045.npy,-8.684594,8.580281,-5.20763,3.1765772e-08,0.9999989,1.0279823e-06,Medium,Medium
M01-S2_3-M-0006.npy,-6.726322,8.464036,-5.3060865,2.5287778e-07,0.9999987,1.0464324e-06,Medium,Medium
M02-S1-M-0043.npy,-11.900299,11.697561,-7.7046065,5.643902e-11,1.0,3.7475325e-09,Medium,Medium
M04-S2-M-0019.npy,-6.8338933,9.982513,-6.650204,4.974249e-08,0.9999999,5.9772674e-08,Medium,Medium
M04-S2-M-0036.npy,-8.236602,11.475558,-6.6286597,2.7486389e-09,1.0,1.3722658e-08,Medium,Medium
M01-S1-M-0014.npy,-7.830308,8.426934,-2.861149,8.700895e-08,0.99998736,1.2521095e-05,Medium,Medium
M02-S2-M-0031.npy,-17.334805,18.288105,-7.57039,3.3819482e-16,1.0,5.885698e-12,Medium,Medium
M02-S1-M-0049.npy,-9.819675,10.0763855,-4.7751613,2.2869167e-09,0.99999964,3.548582e-07,Medium,Medium
M04-S1-M-0022.npy,-6.499063,6.614141,-1.1856215,2.017572e-06,0.9995883,0.00040966348,Medium,Medium
M04-S2-M-0003.npy,-6.047098,6.563223,-2.2496428,3.3368842e-06,0.9998479,0.0001487835,Medium,Medium
M02-S1-M-0026.npy,-12.909784,13.600513,-9.575825,3.067072e-12,1.0,8.602887e-11,Medium,Medium
M01-S2_3-M-0047.npy,-7.916109,9.986274,-5.6852875,1.6791686e-08,0.9999999,1.5628864e-07,Medium,Medium
M01-S2_3-M-0011.npy,-19.953547,20.336294,-11.008084,3.179395e-18,1.0,2.4395459e-14,Medium,Medium
M04-S1-M-0004.npy,-7.841274,8.9152355,-2.6990786,5.281245e-08,0.99999094,9.035736e-06,Medium,Medium
M02-S2-M-0018.npy,-8.482424,8.330193,-2.208674,4.9930044e-08,0.9999734,2.6486045e-05,Medium,Medium
M01-S2_3-M-0022.npy,-9.861574,11.309965,-6.134486,6.3873e-10,1.0,2.6544312e-08,Medium,Medium
M04-S2-M-0002.npy,-5.611144,8.363926,-5.8872447,8.52518e-07,0.99999845,6.4683627e-07,Medium,Medium
M02-S1-M-0035.npy,-11.149229,9.167507,-5.8191895,1.501597e-09,0.99999964,3.0999905e-07,Medium,Medium
M04-S1-M-0010.npy,-7.987793,9.106867,-2.665403,3.7659994e-08,0.99999225,7.71551e-06,Medium,Medium
M02-S1-M-0005.npy,-5.2151937,4.220503,-3.2035015,7.9769205e-05,0.99932384,0.0005963511,Medium,Medium
M01-S2_3-M-0013.npy,-13.502858,15.264696,-3.284401,3.209294e-13,1.0,8.7948715e-09,Medium,Medium
M02-S1-M-0039.npy,-11.719198,9.311759,-3.0872796,7.351398e-10,0.9999958,4.1225344e-06,Medium,Medium
M01-S1-M-0020.npy,-11.652241,13.756532,-1.9140809,9.228066e-12,0.9999999,1.5643701e-07,Medium,Medium
M04-S2-M-0039.npy,-5.463182,7.295382,-4.7093186,2.8775453e-06,0.99999106,6.1153437e-06,Medium,Medium
M04-S2-M-0030.npy,-6.3180137,8.525341,-4.8553224,3.577766e-07,0.9999981,1.5447248e-06,Medium,Medium
M02-S2-M-0006.npy,-12.839947,11.931226,-7.110773,1.74589e-11,1.0,5.3723532e-09,Medium,Medium
M04-S2-M-0015.npy,-6.0951977,7.88479,-3.1149023,8.483219e-07,0.9999825,1.6706554e-05,Medium,Medium
M01-S1-M-0008.npy,-6.073866,8.083367,-3.0063953,7.1053387e-07,0.999984,1.5267584e-05,Medium,Medium
M01-S1-M-0013.npy,-15.686874,10.472022,-4.0264187,4.3584793e-12,0.9999995,5.0513444e-07,Medium,Medium
M01-S1-M-0010.npy,-10.014698,2.075692,11.217287,6.012007e-10,0.000107104875,0.99989283,VeryLow,Medium
M02-S2-M-0005.npy,-8.111596,8.208188,-1.7411914,8.173104e-08,0.9999522,4.7755002e-05,Medium,Medium
M02-S1-M-0022.npy,-10.37438,9.975473,-9.644604,1.4526832e-09,1.0,3.0137608e-09,Medium,Medium
M02-S1-M-0010.npy,-13.575281,13.71453,-5.3418555,1.40665e-12,1.0,5.2956244e-09,Medium,Medium
M01-S2_3-M-0024.npy,-13.011311,14.734498,-2.3291943,8.9155647e-13,1.0,3.884478e-08,Medium,Medium
M04-S1-M-0009.npy,-9.644255,11.762245,-4.852122,5.0498117e-10,0.9999999,6.0879664e-08,Medium,Medium
M01-S1-M-0007.npy,-7.145027,6.0576134,-2.214473,1.8452462e-06,0.9997427,0.00025548585,Medium,Medium
M04-S2-M-0044.npy,-6.8476744,10.044497,-5.7344966,4.6113033e-08,0.99999976,1.4036863e-07,Medium,Medium
M01-S2_3-M-0057.npy,-12.908553,12.8820715,-7.0647187,6.2990355e-12,1.0,2.1737965e-09,Medium,Medium
M01-S2_3-M-0046.npy,-16.871588,18.320862,-6.2973523,5.2013075e-16,1.0,2.0344434e-11,Medium,Medium
M01-S2_3-M-0044.npy,-15.714712,18.664425,-7.325729,1.17309e-15,1.0,5.1596405e-12,Medium,Medium
M04-S2-M-0052.npy,-7.9391527,9.007183,-5.02453,4.3681744e-08,0.99999917,8.055711e-07,Medium,Medium
M04-S2-M-0042.npy,-3.2803364,4.0688143,-3.3434854,0.0006423374,0.9987546,0.00060302875,Medium,Medium
M04-S1-M-0016.npy,-6.6290674,6.2301407,0.18929519,2.5958736e-06,0.9976235,0.0023738914,Medium,Medium
M01-S2_3-M-0030.npy,-7.961487,9.385133,-5.946506,2.9272453e-08,0.99999976,2.1956038e-07,Medium,Medium
M02-S1-M-0011.npy,-17.831415,16.697763,-10.479675,1.009644e-15,1.0,1.5739406e-12,Medium,Medium
M02-S1-M-0028.npy,-9.983476,13.404326,-6.64737,6.9631634e-11,1.0,1.9573059e-09,Medium,Medium
M01-S2_3-M-0005.npy,-7.8476663,11.71657,-9.967035,3.186841e-09,1.0,3.8276296e-10,Medium,Medium
M01-S1-M-0002.npy,-17.364277,14.917024,-10.85649,9.5589405e-15,1.0,6.4077446e-12,Medium,Medium
M02-S1-M-0047.npy,2.6082606,-2.8783062,-2.5057635,0.98994815,0.0041004065,0.0059514116,Low,Medium
M02-S2-M-0012.npy,-11.687818,12.308665,-5.5978513,3.7884355e-11,1.0,1.6722396e-08,Medium,Medium
M01-S2_3-M-0017.npy,-5.8000317,6.934286,-3.8588092,2.9481248e-06,0.9999765,2.0540356e-05,Medium,Medium
M02-S1-M-0037.npy,-13.446836,12.784629,-5.214854,4.0534026e-12,1.0,1.5237854e-08,Medium,Medium
M01-S2_3-M-0012.npy,-7.678298,10.410939,-7.032436,1.3929775e-08,1.0,2.6572883e-08,Medium,Medium
M04-S2-M-0001.npy,-6.308298,9.250579,-5.4013815,1.7493042e-07,0.9999994,4.3324562e-07,Medium,Medium
M04-S1-M-0014.npy,-6.3164506,7.902545,-2.9776106,6.6797463e-07,0.99998045,1.8827819e-05,Medium,Medium
M04-S2-M-0037.npy,-7.3029947,10.582734,-4.7175927,1.7073658e-08,0.99999976,2.2654379e-07,Medium,Medium
M04-S2-M-0054.npy,-4.7696457,5.8527346,-4.032753,2.4362746e-05,0.9999248,5.0904317e-05,Medium,Medium
M04-S2-M-0040.npy,-7.2778263,9.505806,-5.1583686,5.1399738e-08,0.9999995,4.2798592e-07,Medium,Medium
M04-S2-M-0022.npy,-3.4814253,4.9406433,-4.0314565,0.00021988289,0.9996532,0.0001268575,Medium,Medium
M02-S1-M-0041.npy,-11.135376,10.748908,-4.576278,3.131668e-10,0.99999976,2.2098169e-07,Medium,Medium
M01-S2_3-M-0021.npy,-11.31267,13.659423,-5.393295,1.4280992e-11,1.0,5.315083e-09,Medium,Medium
M04-S2-M-0007.npy,-4.6752014,5.959087,-4.3736844,2.407479e-05,0.9999434,3.2546915e-05,Medium,Medium
M02-S2-M-0014.npy,-12.141681,12.547803,-3.0360332,1.894495e-11,0.9999999,1.7061852e-07,Medium,Medium
M04-S1-M-0002.npy,-6.8171244,7.209774,-1.7854536,8.093591e-07,0.9998752,0.00012398468,Medium,Medium
M01-S2_3-M-0043.npy,-6.9209366,9.656475,-3.7898583,6.317146e-08,0.99999845,1.4465422e-06,Medium,Medium
M02-S2-M-0009.npy,-20.963778,20.939653,-8.60657,6.332441e-19,1.0,1.4731213e-13,Medium,Medium
M02-S2-M-0029.npy,-12.4520855,12.688907,-0.34557068,1.206161e-11,0.99999785,2.183723e-06,Medium,Medium
M01-S2_3-M-0009.npy,-5.480331,7.4642873,-5.715531,2.3890316e-06,0.9999957,1.8883211e-06,Medium,Medium
M04-S2-M-0016.npy,-5.206636,7.2676477,-3.2644928,3.8236167e-06,0.9999695,2.6664668e-05,Medium,Medium
M04-S2-M-0048.npy,-5.1293287,6.4488587,-3.159202,9.367499e-06,0.99992347,6.717983e-05,Medium,Medium
M01-S2_3-M-0041.npy,-6.905683,8.562182,-5.5487943,1.9159809e-07,0.99999905,7.441836e-07,Medium,Medium
M01-S1-M-0015.npy,-7.789439,9.269246,1.5245488,3.9022854e-08,0.9995671,0.00043284512,Medium,Medium
M01-S2_3-M-0038.npy,-18.606993,19.837458,-10.024375,2.0127385e-17,1.0,1.0744131e-13,Medium,Medium
M02-S2-M-0004.npy,-15.65867,18.792881,-10.703795,1.0911401e-15,1.0,1.5479458e-13,Medium,Medium
M04-S2-M-0053.npy,-7.3869553,10.165269,-6.0542674,2.3832316e-08,0.9999999,9.035351e-08,Medium,Medium
M02-S1-M-0019.npy,-9.17541,10.412221,-1.7099638,3.1131313e-09,0.9999945,5.437505e-06,Medium,Medium
M04-S2-M-0027.npy,-5.198573,7.08131,-3.6581082,4.6441196e-06,0.99997365,2.1672977e-05,Medium,Medium
M02-S1-M-0004.npy,-9.095518,8.579249,-3.2104733,2.1083519e-08,0.9999924,7.582026e-06,Medium,Medium
M02-S1-M-0027.npy,-6.64098,7.036729,-5.8434176,1.147744e-06,0.9999963,2.548133e-06,Medium,Medium
M02-S2-M-0002.npy,-11.455109,12.63535,-3.3293214,3.4486334e-11,0.9999999,1.1658185e-07,Medium,Medium
M01-S2_3-M-0051.npy,-11.331696,15.158572,-7.9566197,3.1291217e-12,1.0,9.1453324e-11,Medium,Medium
M02-S2-M-0017.npy,-14.190008,15.328134,-3.0825963,1.5150729e-13,1.0,1.01e-08,Medium,Medium
M04-S1-M-0021.npy,-8.949142,8.530467,-0.030458584,2.5622324e-08,0.9998086,0.00019140539,Medium,Medium
M04-S1-M-0019.npy,-8.767252,10.183803,-3.4610152,5.8838485e-09,0.9999988,1.1861255e-06,Medium,Medium
M02-S1-M-0036.npy,-8.976124,7.9777913,-6.547154,4.335191e-08,0.9999995,4.91922e-07,Medium,Medium
M04-S2-M-0026.npy,-10.982003,13.368906,-6.789672,2.657872e-11,1.0,1.7589005e-09,Medium,Medium
M01-S2_3-M-0003.npy,-9.294149,13.329425,-5.8948574,1.4952263e-10,1.0,4.4771404e-09,Medium,Medium
M02-S1-M-0048.npy,-6.2266397,6.336613,-4.9029098,3.498172e-06,0.9999833,1.3144074e-05,Medium,Medium
M04-S2-M-0029.npy,-11.494781,13.114681,-6.543362,2.052325e-11,1.0,2.901486e-09,Medium,Medium
M04-S2-M-0024.npy,-6.077347,8.885304,-4.4612107,3.1754283e-07,0.9999981,1.5983838e-06,Medium,Medium
M01-S1-M-0009.npy,-12.369509,10.392849,-1.4981391,1.3014595e-10,0.9999932,6.851828e-06,Medium,Medium
M01-S2_3-M-0020.npy,-11.114775,15.336023,-8.310376,3.2551004e-12,1.0,5.376489e-11,Medium,Medium
M02-S2-M-0003.npy,-11.080896,13.224206,-3.9002962,2.7824526e-11,1.0,3.6553015e-08,Medium,Medium
M04-S2-M-0046.npy,-8.819912,11.664973,-4.999146,1.2691911e-09,1.0,5.792483e-08,Medium,Medium
M04-S2-M-0058.npy,-11.900436,11.842351,-4.69929,4.8824614e-11,0.9999999,6.547213e-08,Medium,Medium
M01-S2_3-M-0048.npy,-13.829609,15.753798,-5.287017,1.419351e-13,1.0,7.27932e-10,Medium,Medium
M04-S2-M-0008.npy,-10.69483,12.087214,-5.9235106,1.2760985e-10,1.0,1.506751e-08,Medium,Medium
M02-S1-M-0012.npy,-13.0687895,12.379603,-5.9955487,8.869587e-12,1.0,1.0465805e-08,Medium,Medium
M01-S2_3-M-0016.npy,-8.184843,11.758408,-8.26375,2.1815052e-09,1.0,2.0159856e-09,Medium,Medium
M04-S2-M-0013.npy,-7.399096,8.961659,-4.7505975,7.84537e-08,0.9999988,1.1087707e-06,Medium,Medium
M01-S2_3-M-0028.npy,-9.7873125,12.596147,-7.971584,1.9010223e-10,1.0,1.1682839e-09,Medium,Medium
M02-S1-M-0007.npy,-6.984725,3.752457,3.775964,1.0733271e-05,0.49411818,0.50587106,VeryLow,Medium
M04-S2-M-0047.npy,-6.953533,9.068192,-3.527048,1.1011637e-07,0.99999654,3.3880938e-06,Medium,Medium
M02-S2-M-0019.npy,-8.4242525,6.479184,1.3683796,3.3489457e-07,0.99400467,0.0059950687,Medium,Medium
M04-S1-M-0011.npy,-6.908777,8.220894,-1.6991653,2.686865e-07,0.9999505,4.917581e-05,Medium,Medium
M02-S2-M-0015.npy,-8.460698,9.028279,-3.8033118,2.538823e-08,0.99999726,2.674914e-06,Medium,Medium
M02-S2-M-0016.npy,-8.751491,8.718963,-3.0775027,2.5862786e-08,0.9999925,7.5310777e-06,Medium,Medium
M01-S2_3-M-0040.npy,-8.157872,10.993607,-5.005948,4.81525e-09,0.9999999,1.1258529e-07,Medium,Medium
M02-S2-M-0008.npy,-9.152679,9.663242,-1.4547658,6.7350765e-09,0.9999851,1.4842401e-05,Medium,Medium
M04-S2-M-0049.npy,-6.3828487,8.780856,-4.913097,2.597084e-07,0.99999857,1.1292533e-06,Medium,Medium
M02-S1-M-0006.npy,-9.429108,11.374634,-4.528957,9.2267727e-10,0.9999999,1.2392475e-07,Medium,Medium
M01-S2_3-M-0054.npy,-10.320932,11.211566,-3.3818824,4.4519985e-10,0.9999995,4.5935195e-07,Medium,Medium
M01-S2_3-M-0033.npy,-8.069907,9.645618,-4.8631177,2.0241579e-08,0.9999995,4.9996083e-07,Medium,Medium
M01-S2_3-M-0001.npy,-12.2423,14.982335,-7.568423,1.5013805e-12,1.0,1.608163e-10,Medium,Medium
M01-S2_3-M-0053.npy,-5.73921,4.7552032,-3.8204846,2.7684726e-05,0.9997837,0.00018859592,Medium,Medium
M04-S1-M-0005.npy,-10.967758,12.742214,-3.4314642,5.0453322e-11,0.9999999,9.459327e-08,Medium,Medium
M04-S2-M-0033.npy,-7.188151,10.545775,-6.316728,1.9872543e-08,0.9999999,4.7501565e-08,Medium,Medium
M02-S1-M-0017.npy,-8.092068,10.551248,-4.4795156,8.004078e-09,0.99999964,2.966348e-07,Medium,Medium
M01-S1-M-0016.npy,-11.390943,6.9634285,0.19288205,1.0673344e-08,0.9988543,0.0011457534,Medium,Medium
M04-S2-M-0021.npy,-9.335663,12.580318,-6.283896,3.033963e-10,1.0,6.417649e-09,Medium,Medium
M02-S1-M-0001.npy,-10.601616,11.34037,-6.5623364,2.9560823e-10,1.0,1.6786244e-08,Medium,Medium
M02-S1-M-0014.npy,-8.314934,9.339109,-6.304486,2.1525157e-08,0.99999976,1.6072116e-07,Medium,Medium
M04-S2-M-0057.npy,-7.2454906,9.6752825,-5.968471,4.481277e-08,0.99999976,1.606957e-07,Medium,Medium
M02-S2-M-0030.npy,-12.031355,12.1517935,-2.7484462,3.1433474e-11,0.99999964,3.3799313e-07,Medium,Medium
M02-S1-M-0009.npy,-4.4849043,4.4523916,-3.6683831,0.00013133956,0.9995715,0.0002971707,Medium,Medium
M04-S2-M-0032.npy,-1.8505473,1.893669,-3.3775675,0.022992179,0.9720143,0.0049934853,Medium,Medium
M02-S2-M-0013.npy,-12.575747,14.665084,-6.0272593,1.477264e-12,1.0,1.0314062e-09,Medium,Medium
M02-S1-M-0038.npy,-9.845003,9.11187,-3.6058636,5.849697e-09,0.999997,2.997487e-06,Medium,Medium
M02-S2-M-0028.npy,-13.906975,14.847795,-9.732831,3.2505942e-13,1.0,2.11237e-11,Medium,Medium
M01-S2_3-M-0002.npy,-8.811741,10.444325,-4.634587,4.3370756e-09,0.99999976,2.8269056e-07,Medium,Medium
M02-S1-M-0045.npy,-12.170269,9.817164,-7.5225015,2.8247407e-10,1.0,2.9476679e-08,Medium,Medium
M01-S2_3-M-0049.npy,-8.704895,10.7797365,-5.94885,3.4509007e-09,1.0,5.430844e-08,Medium,Medium
M02-S1-M-0025.npy,-9.831497,10.167499,-7.6934834,2.0632225e-09,1.0,1.7501469e-08,Medium,Medium
M01-S1-M-0004.npy,-6.4441085,9.579653,-3.2657185,1.0989236e-07,0.99999726,2.6383047e-06,Medium,Medium
M04-S1-M-0023.npy,-6.0328283,6.5598445,-1.7498727,3.3959677e-06,0.99975055,0.00024605228,Medium,Medium
M02-S2-M-0022.npy,-12.841379,14.25816,-5.422307,1.7014525e-12,1.0,2.8371505e-09,Medium,Medium
M02-S2-M-0010.npy,-8.211337,7.590004,-2.7718315,1.3726222e-07,0.9999683,3.1615367e-05,Medium,Medium
M01-S2_3-M-0037.npy,-9.320967,10.823234,-4.755724,1.7843717e-09,0.9999999,1.7145284e-07,Medium,Medium
M04-S1-M-0020.npy,-8.72044,11.519307,-5.5145583,1.6217726e-09,1.0,4.002086e-08,Medium,Medium
M04-S2-M-0011.npy,-4.521067,6.5872455,-5.2495136,1.498689e-05,0.9999778,7.233542e-06,Medium,Medium
M04-S2-M-0004.npy,-4.9373064,7.763661,-4.3523316,3.0481485e-06,0.99999154,5.471263e-06,Medium,Medium
M02-S1-M-0033.npy,-9.003452,9.913971,-8.300535,6.0850964e-09,1.0,1.2289678e-08,Medium,Medium
M01-S2_3-M-0056.npy,-9.635622,11.253852,-4.5417113,8.468707e-10,0.9999999,1.3806202e-07,Medium,Medium
M04-S2-M-0034.npy,-4.929208,6.857117,-4.5717444,7.6077436e-06,0.9999815,1.0876783e-05,Medium,Medium
M02-S1-M-0044.npy,-7.436432,6.075255,-2.150156,1.3546663e-06,0.9997309,0.00026769034,Medium,Medium
M01-S2_3-M-0004.npy,-11.378985,15.960738,-7.612779,1.3381627e-12,1.0,5.78298e-11,Medium,Medium
M04-S2-M-0023.npy,-6.666411,8.830567,-4.1894217,1.861001e-07,0.9999976,2.215591e-06,Medium,Medium
M04-S2-M-0055.npy,-9.650726,11.163616,-3.9138064,9.129475e-10,0.99999976,2.83112e-07,Medium,Medium
M04-S1-M-0012.npy,-6.332232,7.36292,-4.272985,1.1278896e-06,0.99999,8.842736e-06,Medium,Medium
M01-S2_3-M-0023.npy,-10.462428,13.3106785,-6.5248685,4.7366513e-11,1.0,2.4295823e-09,Medium,Medium
M01-S2_3-M-0036.npy,-13.426279,18.690777,-10.937456,1.1265203e-14,1.0,1.3571315e-13,Medium,Medium
M01-S2_3-M-0027.npy,-6.597779,8.89831,-3.6970582,1.8626571e-07,0.9999964,3.3876606e-06,Medium,Medium
M01-S1-M-0003.npy,-6.4257283,9.850808,-3.8760777,8.534721e-08,0.9999988,1.0926693e-06,Medium,Medium
M01-S2_3-M-0039.npy,-9.672277,11.87061,-5.914453,4.4059784e-10,1.0,1.8881888e-08,Medium,Medium
M04-S2-M-0038.npy,-8.49941,10.978401,-5.8952875,3.4745185e-09,1.0,4.6973245e-08,Medium,Medium
M01-S1-M-0021.npy,-6.5567975,3.0209126,1.8328443,5.3074167e-05,0.76635474,0.2335922,Medium,Medium
M04-S1-M-0008.npy,-7.4777513,9.234555,-3.6492352,5.519963e-08,0.9999974,2.5388647e-06,Medium,Medium
M02-S2-M-0025.npy,-9.900221,10.354934,-2.7198207,1.5969731e-09,0.99999785,2.0975158e-06,Medium,Medium
M01-S2_3-M-0034.npy,-7.1514163,10.007129,-6.273491,3.5329602e-08,0.9999999,8.4999485e-08,Medium,Medium
M02-S1-M-0040.npy,-10.659188,9.361337,-5.8469186,2.0192794e-09,0.99999976,2.483924e-07,Medium,Medium
M01-S2_3-M-0019.npy,-10.295405,13.359064,-7.760983,5.3332855e-11,1.0,6.7248146e-10,Medium,Medium
M04-S2-M-0012.npy,-5.8289347,7.362202,-5.2399516,1.8670656e-06,0.99999475,3.3647425e-06,Medium,Medium
M02-S1-M-0016.npy,-9.278755,9.263885,-5.9511833,8.851837e-09,0.99999976,2.467061e-07,Medium,Medium
M04-S2-M-0043.npy,-5.9677267,8.315107,-4.2883744,6.266749e-07,0.99999607,3.3602835e-06,Medium,Medium
M04-S2-M-0035.npy,-4.473385,6.8848963,-4.280172,1.1672126e-05,0.99997413,1.4159941e-05,Medium,Medium
M02-S1-M-0003.npy,-6.505526,5.977576,-3.3192263,3.7897998e-06,0.9999045,9.1708265e-05,Medium,Medium
M02-S2-M-0021.npy,-13.473531,12.305596,-2.4734356,6.3718744e-12,0.99999964,3.815469e-07,Medium,Medium
M04-S1-M-0015.npy,-8.573855,9.513911,-1.4755219,1.39500385e-08,0.9999831,1.6878832e-05,Medium,Medium
M02-S2-M-0001.npy,-11.799958,7.9645534,-1.1267369,2.6081526e-09,0.99988735,0.00011262992,Medium,Medium
M01-S2_3-M-0035.npy,-10.037694,12.807357,-6.272265,1.1981756e-10,1.0,5.173987e-09,Medium,Medium
M04-S2-M-0009.npy,-6.4586225,9.410609,-7.138678,1.2825667e-07,0.99999976,6.4973385e-08,Medium,Medium
M04-S1-M-0007.npy,-9.626723,11.627129,-5.2187304,5.8825955e-10,1.0,4.8298784e-08,Medium,Medium
M02-S1-M-0015.npy,-9.0734005,9.0248165,-4.870998,1.3805235e-08,0.99999905,9.228346e-07,Medium,Medium
M01-S2_3-M-0015.npy,-8.789205,11.386478,-7.1639986,1.7290701e-09,1.0,8.782751e-09,Medium,Medium
M01-S2_3-M-0014.npy,-10.40814,12.853204,-6.302865,7.901804e-11,1.0,4.7931943e-09,Medium,Medium
M02-S1-M-0021.npy,-7.712259,8.112224,-2.7911243,1.341241e-07,0.9999815,1.8396198e-05,Medium,Medium
M02-S1-M-0020.npy,-10.455608,11.101402,-0.45214498,4.3441523e-10,0.99999034,9.601833e-06,Medium,Medium
M02-S1-M-0031.npy,-7.994112,8.746956,-6.8499956,5.363478e-08,0.99999976,1.6839529e-07,Medium,Medium
M02-S1-M-0024.npy,-3.4146621,5.0648847,-3.8315904,0.00020760133,0.9996556,0.00013682344,Medium,Medium
M01-S2_3-M-0031.npy,-13.229475,17.909805,-9.767426,2.9949005e-14,1.0,9.548417e-13,Medium,Medium
M04-S1-M-0027.npy,-10.192262,12.389259,-4.613809,1.5594463e-10,1.0,4.127252e-08,Medium,Medium
M01-S2_3-M-0050.npy,-11.665321,13.042112,-7.4590545,1.8607922e-11,1.0,1.2486945e-09,Medium,Medium
M01-S2_3-M-0055.npy,-11.89277,14.265809,-5.0124626,4.35987e-12,1.0,4.2418318e-09,Medium,Medium
M02-S1-M-0032.npy,-14.366091,16.155823,-10.215385,5.5526635e-14,1.0,3.5247619e-12,Medium,Medium
M01-S2_3-M-0052.npy,-14.141397,17.230648,-7.199599,2.372978e-14,1.0,2.4551545e-11,Medium,Medium
M01-S2_3-M-0010.npy,-20.2469,22.267534,-12.495702,3.4372852e-19,1.0,7.9894705e-16,Medium,Medium
